Wall time,Step,Value
1694255455.192636,0,0.5978260636329651
1694255513.818655,1,0.6521739363670349
1694255571.872442,2,0.7676630616188049
1694255627.588648,3,0.8288043737411499
1694255682.619217,4,0.8600543737411499
1694255738.781154,5,0.875
1694255793.040686,6,0.891983687877655
1694255848.537034,7,0.9008151888847351
1694255903.165687,8,0.9021739363670349
1694255958.286934,9,0.9055706262588501
1694256014.446776,10,0.9021739363670349
1694256066.992301,11,0.9035326242446899
1694256121.893683,12,0.91576087474823
1694256174.307889,13,0.9035326242446899
1694256226.485985,14,0.89402174949646
1694256281.949082,15,0.9164401888847351
1694256334.935921,16,0.9245923757553101
1694256404.65584,17,0.9177989363670349
1694256457.775568,18,0.917119562625885
1694256513.574115,19,0.9191576242446899
1694256564.791939,20,0.920516312122345
1694256620.663883,21,0.932744562625885
1694256673.159644,22,0.917119562625885
1694256727.100548,23,0.93138587474823
1694256779.666478,24,0.9225543737411499
1694256833.632493,25,0.92527174949646
1694256886.550624,26,0.93138587474823
1694256943.415558,27,0.9415760636329651
1694256995.770744,28,0.9442934989929199
1694257048.004181,29,0.9415760636329651
1694257105.823823,30,0.9375
1694257158.357612,31,0.93138587474823
1694257211.503053,32,0.936141312122345
1694257267.258302,33,0.94701087474823
1694257323.896078,34,0.94701087474823
1694257376.020606,35,0.9375
1694257429.584379,36,0.9429348111152649
1694257482.320613,37,0.9402173757553101
1694257537.861248,38,0.9524456262588501
1694257590.053072,39,0.9402173757553101
1694257642.862946,40,0.9490489363670349
1694257700.523171,41,0.9490489363670349
1694257757.168241,42,0.9490489363670349
1694257808.146469,43,0.94361412525177
1694257858.901038,44,0.9347826242446899
1694257911.173807,45,0.9510869383811951
1694257963.56263,46,0.94701087474823
1694258016.867347,47,0.944972813129425
1694258069.082067,48,0.9551630616188049
1694258124.974179,49,0.9490489363670349
