Wall time,Step,Value
1694252949.721175,0,0.5380434989929199
1694252996.636102,1,0.7004076242446899
1694253045.046976,2,0.7493206262588501
1694253091.426359,3,0.7710598111152649
1694253138.148728,4,0.76902174949646
1694253184.443729,5,0.804347813129425
1694253229.965125,6,0.811141312122345
1694253275.895177,7,0.81861412525177
1694253321.742999,8,0.817255437374115
1694253365.77981,9,0.801630437374115
1694253409.069877,10,0.832880437374115
1694253452.848605,11,0.819972813129425
1694253496.824563,12,0.813858687877655
1694253541.216493,13,0.813858687877655
1694253587.465537,14,0.8383151888847351
1694253634.780647,15,0.8301630616188049
1694253681.790865,16,0.807744562625885
1694253727.217059,17,0.8322010636329651
1694253775.084028,18,0.8457880616188049
1694253820.466501,19,0.832880437374115
1694253864.782533,20,0.81861412525177
1694253907.814864,21,0.8322010636329651
1694253990.428169,22,0.8369565010070801
1694254035.481916,23,0.851902186870575
1694254078.893036,24,0.8369565010070801
1694254122.807038,25,0.851222813129425
1694254166.79351,26,0.86548912525177
1694254211.33508,27,0.8634510636329651
1694254256.645915,28,0.8600543737411499
1694254301.73645,29,0.851902186870575
1694254346.608716,30,0.8539401888847351
1694254390.95741,31,0.8505434989929199
1694254435.352734,32,0.851222813129425
1694254480.066514,33,0.8722826242446899
1694254524.453347,34,0.883152186870575
1694254568.449985,35,0.8573369383811951
1694254611.793171,36,0.8661684989929199
1694254656.540403,37,0.867527186870575
1694254699.079354,38,0.8709239363670349
1694254743.585094,39,0.88111412525177
1694254788.09678,40,0.8756793737411499
1694254831.888585,41,0.876358687877655
1694254874.536646,42,0.8661684989929199
1694254919.287926,43,0.8648098111152649
1694254963.183846,44,0.8756793737411499
1694255007.464804,45,0.87160325050354
1694255051.362879,46,0.8682065010070801
1694255095.45318,47,0.8913043737411499
1694255139.842226,48,0.8851901888847351
1694255183.91407,49,0.883152186870575
