Wall time,Step,Value
1694258179.890131,0,0.6555706262588501
1694258231.119826,1,0.68410325050354
1694258281.901094,2,0.842391312122345
1694258331.920904,3,0.8709239363670349
1694258382.171201,4,0.8879076242446899
1694258433.622881,5,0.9035326242446899
1694258483.224134,6,0.9069293737411499
1694258534.945198,7,0.91576087474823
1694258587.649585,8,0.9069293737411499
1694258668.487697,9,0.901494562625885
1694258718.644192,10,0.911005437374115
1694258770.173485,11,0.9239130616188049
1694258822.745037,12,0.9245923757553101
1694258873.234047,13,0.93138587474823
1694258924.41565,14,0.9368206262588501
1694258970.981557,15,0.9347826242446899
1694259017.889545,16,0.9273098111152649
1694259071.813998,17,0.94089674949646
1694259119.725266,18,0.9429348111152649
1694259166.410317,19,0.923233687877655
1694259216.770418,20,0.9286684989929199
1694259267.862172,21,0.9402173757553101
1694259314.925373,22,0.9415760636329651
1694259361.193111,23,0.9368206262588501
1694259412.310201,24,0.9490489363670349
1694259458.658775,25,0.9334239363670349
1694259507.752313,26,0.948369562625885
1694259555.237935,27,0.9510869383811951
1694259602.718399,28,0.9375
1694259649.630197,29,0.9307065010070801
1694259699.793459,30,0.9490489363670349
1694259746.854778,31,0.94361412525177
1694259792.284898,32,0.94701087474823
1694259838.437402,33,0.9273098111152649
1694259885.79274,34,0.930027186870575
1694259936.165082,35,0.94972825050354
1694259984.520831,36,0.9619565010070801
1694260031.469789,37,0.95923912525177
1694260078.011851,38,0.9307065010070801
1694260124.76037,39,0.9538043737411499
1694260171.125763,40,0.9585598111152649
1694260217.68315,41,0.96263587474823
1694260263.397968,42,0.954483687877655
1694260315.362563,43,0.96263587474823
1694260362.034919,44,0.9667119383811951
1694260407.844299,45,0.96535325050354
1694260453.696814,46,0.9551630616188049
1694260500.811634,47,0.957880437374115
1694260550.046735,48,0.9667119383811951
1694260596.364915,49,0.951766312122345
